{
  "build": {
    "cpu": "cortex-m3",
    "extra_flags": "-DSTM32F103xE -DSTM32F1",
    "f_cpu": "72000000L",
    "hwids": [
      [
        "0x1EAF",
        "0x0003"
      ],
      [
        "0x1EAF",
        "0x0004"
      ]
    ],
    "mcu": "stm32f103zet6",
    "product_line": "STM32F103xE",
    "variant": "tronxy_stm32f103z"
  },
  "debug": {
    "jlink_device": "STM32F103ZE",
    "openocd_target": "stm32f1x",
    "svd_path": "STM32F103xx.svd"
  },
  "frameworks": [
    "arduino",
    "stm32cube"
  ],
  "name": "STM32F103ZE (64k RAM. 512k Flash)",
  "upload": {
    "disable_flushing": false,
    "maximum_ram_size": 65536,
    "maximum_size": 524288,
    "protocol": "stlink",
    "protocols": [
      "jlink",
      "stlink",
      "blackmagic",
      "serial"
    ],
    "require_upload_port": true,
    "use_1200bps_touch": false,
    "wait_for_upload_port": false
  },
  "url": "http://www.st.com/en/microcontrollers/stm32f103ze.html",
  "vendor": "Generic"
}
